{
  "linear_regression": {
    "train_metrics": {
      "mse": 3.6558981946491634e-26,
      "rmse": 1.9120403224433222e-13,
      "mae": 1.4476941867513916e-13,
      "r2": 1.0
    },
    "test_metrics": {
      "mse": 6077.846493935616,
      "rmse": 77.96054446920965,
      "mae": 49.975062136029,
      "r2": 0.37602634809976987
    }
  },
  "ridge": {
    "train_metrics": {
      "mse": 311.43668259367433,
      "rmse": 17.647568744551595,
      "mae": 12.298421808057263,
      "r2": 0.9049850913124006
    },
    "test_metrics": {
      "mse": 6211.8897969087575,
      "rmse": 78.81554286375726,
      "mae": 48.87810632295195,
      "r2": 0.3622649789450251
    }
  },
  "lasso": {
    "train_metrics": {
      "mse": 1363.9382265785666,
      "rmse": 36.93153431118949,
      "mae": 26.502665817288115,
      "r2": 0.583881818369584
    },
    "test_metrics": {
      "mse": 6033.989438599777,
      "rmse": 77.67875796252008,
      "mae": 45.25530319286318,
      "r2": 0.38052887165096516
    }
  },
  "random_forest": {
    "train_metrics": {
      "mse": 728.2300258453403,
      "rmse": 26.985737452316183,
      "mae": 16.942246686857906,
      "r2": 0.7778273617833978
    },
    "test_metrics": {
      "mse": 6920.109402134501,
      "rmse": 83.18719494089521,
      "mae": 40.83544767714546,
      "r2": 0.28955659878751727
    }
  },
  "gradient_boosting": {
    "train_metrics": {
      "mse": 3.4369302556017054,
      "rmse": 1.853895966768822,
      "mae": 1.4531128644572802,
      "r2": 0.9989514413919323
    },
    "test_metrics": {
      "mse": 7653.102897097717,
      "rmse": 87.48201470643961,
      "mae": 45.71530470505908,
      "r2": 0.21430484171736652
    }
  }
}