{
  "model_version": "v1.0",
  "train": {
    "mse": 1160.2280413898181,
    "rmse": 34.062120330211656,
    "mae": 26.274581721689106,
    "r2": 0.6868116489938724,
    "mape": 174.8494759841208,
    "n_samples": 101
  },
  "validation": {
    "mse": 2055.6700194349073,
    "rmse": 45.339497344312356,
    "mae": 31.288573932111575,
    "r2": -0.6725775968590042,
    "mape": 828.7837930243102,
    "n_samples": 24
  },
  "test": {
    "mse": 5657.879728850889,
    "rmse": 75.21887880612745,
    "mae": 45.75820867651332,
    "r2": 0.4191416515790716,
    "mape": 615.6936521151544,
    "n_samples": 32
  }
}