{
  "model_version": "v1.0",
  "train": {
    "mse": 1701.1286623583976,
    "rmse": 41.24474102668603,
    "mae": 29.01531281673253,
    "r2": 0.588371483656939,
    "mape": 465.98971806906235
  },
  "validation": {
    "mse": 2050.3410463449723,
    "rmse": 45.28069176089266,
    "mae": 27.72510665245849,
    "r2": 0.7321560258127255,
    "mape": 251.43080751516007
  },
  "test": {
    "mse": 2548.462474784109,
    "rmse": 50.48229862817371,
    "mae": 34.133393747295685,
    "r2": 0.32274487772403615,
    "mape": 163.68485589589287
  }
}