{
  "model_version": "v1.0",
  "train": {
    "mse": 1701.1286623583974,
    "rmse": 41.24474102668602,
    "mae": 29.01531281673253,
    "r2": 0.5883714836569391,
    "mape": 465.98971806906206
  },
  "validation": {
    "mse": 2050.341046344973,
    "rmse": 45.280691760892665,
    "mae": 27.72510665245849,
    "r2": 0.7321560258127253,
    "mape": 251.43080751516007
  },
  "test": {
    "mse": 2548.4624747841094,
    "rmse": 50.48229862817371,
    "mae": 34.133393747295685,
    "r2": 0.32274487772403604,
    "mape": 163.684855895893
  }
}