{
  "model_name": "lasso",
  "train_metrics": {
    "mse": 1363.9382265785666,
    "rmse": 36.93153431118949,
    "mae": 26.502665817288115,
    "r2": 0.583881818369584
  },
  "test_metrics": {
    "mse": 6033.989438599777,
    "rmse": 77.67875796252008,
    "mae": 45.25530319286318,
    "r2": 0.38052887165096516
  }
}